Device,Time,Longitude,Latitude
dev864475040536665,2022-05-10 12:56:16.500000+00:00,5.33242,60.38380600000001
dev864475040536665,2022-05-10 12:56:37.100000+00:00,5.33242,60.38380600000001
dev864475040536665,2022-05-10 12:56:57.700000+00:00,5.33242,60.38380600000001
dev864475040536665,2022-05-10 12:57:17.670000+00:00,5.33242,60.38380600000001
dev864475040536665,2022-05-10 12:57:38.270000+00:00,5.33242,60.38380600000001
dev864475040536665,2022-05-10 12:57:58.870000+00:00,5.33242,60.38380600000001
dev864475040536665,2022-05-10 12:58:19.720000+00:00,5.33242,60.38380600000001
dev864475040536665,2022-05-10 12:58:40.320000+00:00,5.33242,60.38380600000001
dev864475040536665,2022-05-10 12:59:00.910000+00:00,5.33242,60.38380600000001
dev864475040536665,2022-05-10 12:59:21.640000+00:00,5.33242,60.38380600000001
dev864475040536665,2022-05-10 12:59:42.230000+00:00,5.33242,60.38380600000001
dev864475040536665,2022-05-10 13:00:02.830000+00:00,5.33242,60.38380600000001
dev864475040536665,2022-05-10 13:00:23.430000+00:00,5.33242,60.38380600000001
dev864475040536665,2022-05-10 13:00:44.030000+00:00,5.33242,60.38380600000001
dev864475040536665,2022-05-10 13:01:04.630000+00:00,5.33242,60.38380600000001
dev864475040536665,2022-05-10 13:01:25.220000+00:00,5.33242,60.38380600000001
dev864475040536665,2022-05-10 13:01:45.820000+00:00,5.33242,60.38380600000001
dev864475040536665,2022-05-10 13:02:06.420000+00:00,5.33242,60.38380600000001
dev864475040536665,2022-05-10 13:02:27.020000+00:00,5.33242,60.38380600000001
dev864475040536665,2022-05-10 13:02:47.620000+00:00,5.33242,60.38380600000001
dev864475040536665,2022-05-10 13:03:08.220000+00:00,5.33242,60.38380600000001
dev864475040536665,2022-05-10 13:03:29+00:00,5.33242,60.38380600000001
dev864475040536665,2022-05-10 13:03:49.590000+00:00,5.33242,60.38380600000001
dev864475040536665,2022-05-10 13:04:10.190000+00:00,5.33242,60.38380600000001
dev864475040536665,2022-05-10 13:04:30.530000+00:00,5.33242,60.38380600000001
dev864475040536665,2022-05-10 13:04:51.120000+00:00,5.33242,60.38380600000001
dev864475040536665,2022-05-10 13:05:11.720000+00:00,5.33242,60.38380600000001
dev864475040536665,2022-05-10 13:05:32.190000+00:00,5.33242,60.38380600000001
dev864475040536665,2022-05-10 13:05:52.780000+00:00,5.33242,60.38380600000001
dev864475040536665,2022-05-10 13:06:13.380000+00:00,5.33242,60.38380600000001
dev864475040536665,2022-05-10 13:06:34.350000+00:00,5.33242,60.38380600000001
dev864475040536665,2022-05-10 13:06:54.940000+00:00,5.33242,60.38380600000001
dev864475040536665,2022-05-10 13:07:15.540000+00:00,5.33242,60.38380600000001
dev864475040536665,2022-05-10 13:07:36.360000+00:00,5.33242,60.38380600000001
dev864475040536665,2022-05-10 13:07:56.960000+00:00,5.33242,60.38380600000001
dev864475040536665,2020-01-01 00:00:07.250000+00:00,,
dev864475040536665,2020-01-01 00:01:02.870000+00:00,,
dev864475040536665,2020-01-01 00:01:25.190000+00:00,,
dev864475040536665,2020-01-01 00:01:45.780000+00:00,,
dev864475040536665,2020-01-01 00:02:06.380000+00:00,,
dev864475040536665,2020-01-01 00:02:26.970000+00:00,,
dev864475040536665,2020-01-01 00:02:47.570000+00:00,,
dev864475040536665,2020-01-01 00:03:08.160000+00:00,,
dev864475040536665,2020-01-01 00:03:28.760000+00:00,,
dev864475040536665,2020-01-01 00:03:49.360000+00:00,,
dev864475040536665,2020-01-01 00:04:09.950000+00:00,,
dev864475040536665,2020-01-01 00:04:30.550000+00:00,,
dev864475040536665,2020-01-01 00:04:51.150000+00:00,,
dev864475040536665,2022-05-20 06:31:12.290000+00:00,5.3143208333333325,60.39792316666667
dev864475040536665,2022-05-20 06:31:32.890000+00:00,5.3143208333333325,60.39792316666667
dev864475040536665,2022-05-20 06:31:53.490000+00:00,5.3143208333333325,60.39792316666667
dev864475040536665,2022-05-20 06:32:14.040000+00:00,5.3143215,60.397926000000005
dev864475040536665,2022-05-20 06:32:34.630000+00:00,5.3143215,60.397926000000005
dev864475040536665,2022-05-20 06:32:55.230000+00:00,5.3143215,60.397926000000005
dev864475040536665,2022-05-20 06:33:15.830000+00:00,5.3143215,60.397926000000005
dev864475040536665,2022-05-20 06:33:35.940000+00:00,5.314323,60.39792666666667
dev864475040536665,2022-05-20 06:33:56.540000+00:00,5.314323,60.39792666666667
dev864475040536665,2022-05-20 06:34:17.140000+00:00,5.314323,60.39792666666667
dev864475040536665,2022-05-20 06:34:38.160000+00:00,5.3143235,60.397927
dev864475040536665,2022-05-20 06:34:58.760000+00:00,5.3143235,60.397927
dev864475040536665,2022-05-20 06:35:19.350000+00:00,5.3143235,60.397927
dev864475040536665,2022-05-20 06:35:40.300000+00:00,5.314350500000001,60.39793216666667
dev864475040536665,2022-05-20 06:36:00.900000+00:00,5.314350500000001,60.39793216666667
dev864475040536665,2022-05-20 06:36:21.490000+00:00,5.314350500000001,60.39793216666667
dev864475040536665,2022-05-20 06:36:41.360000+00:00,5.314348833333335,60.397930333333335
dev864475040536665,2022-05-20 06:37:01.960000+00:00,5.314348833333335,60.397930333333335
dev864475040536665,2022-05-20 06:37:22.550000+00:00,5.314348833333335,60.397930333333335
dev864475040536665,2022-05-20 06:37:43.040000+00:00,5.314331666666667,60.39793666666666
dev864475040536665,2022-05-20 06:38:03.640000+00:00,5.314331666666667,60.39793666666666
dev864475040536665,2022-05-20 06:38:24.230000+00:00,5.314331666666667,60.39793666666666
dev864475040536665,2022-05-20 06:38:45.300000+00:00,5.314332833333332,60.39793683333334
dev864475040536665,2022-05-20 06:39:05.900000+00:00,5.314332833333332,60.39793683333334
dev864475040536665,2022-05-20 06:39:26.500000+00:00,5.314332833333332,60.39793683333334
dev864475040536665,2022-05-20 06:39:47.260000+00:00,5.3143243333333325,60.39792633333334
dev864475040536665,2022-05-20 06:40:07.850000+00:00,5.3143243333333325,60.39792633333334
dev864475040536665,2022-05-20 06:40:28.450000+00:00,5.3143243333333325,60.39792633333334
dev864475040536665,2022-05-20 06:40:48.910000+00:00,5.3143243333333325,60.39792633333334
dev864475040536665,2022-05-20 06:41:09.500000+00:00,5.3143243333333325,60.39792633333334
dev864475040536665,2022-05-20 06:41:30.100000+00:00,5.3143243333333325,60.39792633333334
dev864475040536665,2022-05-20 06:41:50.690000+00:00,5.3143243333333325,60.39792633333334
dev864475040536665,2022-05-20 06:42:10.740000+00:00,5.314356333333335,60.3980705
dev864475040536665,2022-05-20 06:42:31.340000+00:00,5.314356333333335,60.3980705
dev864475040536665,2022-05-20 06:42:51.930000+00:00,5.314356333333335,60.3980705
dev864475040536665,2022-05-20 06:43:12.760000+00:00,5.314354833333335,60.398064833333336
dev864475040536665,2022-05-20 06:43:33.360000+00:00,5.314354833333335,60.398064833333336
dev864475040536665,2022-05-20 06:43:53.950000+00:00,5.314354833333335,60.398064833333336
dev864475040536665,2022-05-20 06:44:14.740000+00:00,5.314347833333332,60.3980585
dev864475040536665,2022-05-20 06:44:35.340000+00:00,5.314347833333332,60.3980585
dev864475040536665,2022-05-20 06:44:55.930000+00:00,5.314347833333332,60.3980585
dev864475040536665,2022-05-20 06:45:16.550000+00:00,5.314399666666667,60.39798900000001
dev864475040536665,2022-05-20 06:45:37.150000+00:00,5.314399666666667,60.39798900000001
dev864475040536665,2022-05-20 06:45:57.740000+00:00,5.314399666666667,60.39798900000001
dev864475040536665,2022-05-20 06:46:18.190000+00:00,5.314398166666666,60.397986666666675
dev864475040536665,2022-05-20 06:46:38.790000+00:00,5.314398166666666,60.397986666666675
dev864475040536665,2022-05-20 06:46:59.390000+00:00,5.314398166666666,60.397986666666675
dev864475040536665,2022-05-20 06:47:20.050000+00:00,5.314398166666666,60.397986666666675
dev864475040536665,2022-05-20 06:47:40.640000+00:00,5.314398166666666,60.397986666666675
dev864475040536665,2022-05-20 06:48:01.240000+00:00,5.314398166666666,60.397986666666675
dev864475040536665,2022-05-20 06:48:21.550000+00:00,5.314398166666666,60.397986666666675
dev864475040536665,2022-05-20 06:48:42.140000+00:00,5.314398166666666,60.397986666666675
dev864475040536665,2022-05-20 06:49:02.740000+00:00,5.314398166666666,60.397986666666675
dev864475040536665,2022-05-20 06:49:23.930000+00:00,5.314398166666666,60.397986666666675
dev864475040536665,2022-05-20 06:49:44.530000+00:00,5.314398166666666,60.397986666666675
dev864475040536665,2022-05-20 06:50:05.120000+00:00,5.314398166666666,60.397986666666675
dev864475040536665,2022-05-20 06:50:25.180000+00:00,5.314398166666666,60.397986666666675
dev864475040536665,2022-05-20 06:50:45.780000+00:00,5.314398166666666,60.397986666666675
dev864475040536665,2022-05-20 06:51:06.370000+00:00,5.314398166666666,60.397986666666675
dev864475040536665,2022-05-20 06:51:26.970000+00:00,5.314398166666666,60.397986666666675
dev864475040536665,2022-05-20 06:51:47.570000+00:00,5.314398166666666,60.397986666666675
dev864475040536665,2022-05-20 06:52:08.160000+00:00,5.314398166666666,60.397986666666675
dev864475040536665,2022-05-20 06:52:28.760000+00:00,5.314398166666666,60.397986666666675
dev864475040536665,2022-05-20 06:52:49.360000+00:00,5.314398166666666,60.397986666666675
dev864475040536665,2022-05-20 06:53:09.950000+00:00,5.314398166666666,60.397986666666675
dev864475040536665,2022-05-20 06:53:30.550000+00:00,5.314398166666666,60.397986666666675
dev864475040536665,2022-05-20 06:53:51.150000+00:00,5.314398166666666,60.397986666666675
dev864475040536665,2022-05-20 06:54:12.170000+00:00,5.314398166666666,60.397986666666675
dev864475040536665,2022-05-20 06:54:32.770000+00:00,5.314398166666666,60.397986666666675
dev864475040536665,2022-05-20 06:54:53.360000+00:00,5.314398166666666,60.397986666666675
dev864475040536665,2022-05-20 06:55:14.240000+00:00,5.314398166666666,60.397986666666675
dev864475040536665,2022-05-20 06:55:34.840000+00:00,5.314398166666666,60.397986666666675
dev864475040536665,2022-05-20 06:55:55.440000+00:00,5.314398166666666,60.397986666666675
dev864475040536665,2022-05-20 06:56:15.270000+00:00,5.314398166666666,60.397986666666675
dev864475040536665,2022-05-20 06:56:35.870000+00:00,5.314398166666666,60.397986666666675
dev864475040536665,2022-05-20 06:56:56.460000+00:00,5.314398166666666,60.397986666666675
dev864475040536665,2022-05-20 06:57:17.060000+00:00,5.314398166666666,60.397986666666675
dev864475040536665,2022-05-20 06:57:37.850000+00:00,5.314398166666666,60.397986666666675
dev864475040536665,2022-05-20 06:57:58.450000+00:00,5.314398166666666,60.397986666666675
dev864475040536665,2022-05-20 06:58:19.040000+00:00,5.314398166666666,60.397986666666675
dev864475040536665,2022-05-20 06:58:40.140000+00:00,5.314398166666666,60.397986666666675
dev864475040536665,2022-05-20 06:59:00.740000+00:00,5.314398166666666,60.397986666666675
dev864475040536665,2022-05-20 06:59:21.330000+00:00,5.314398166666666,60.397986666666675
dev864475040536665,2022-05-20 06:59:41.650000+00:00,5.314398166666666,60.397986666666675
dev864475040536665,2022-05-20 07:00:02.240000+00:00,5.314398166666666,60.397986666666675
dev864475040536665,2022-05-20 07:00:22.840000+00:00,5.314398166666666,60.397986666666675
dev864475040536665,2022-05-20 07:00:42.900000+00:00,5.314398166666666,60.397986666666675
dev864475040536665,2022-05-20 07:01:03.490000+00:00,5.314398166666666,60.397986666666675
dev864475040536665,2022-05-20 07:01:24.090000+00:00,5.314398166666666,60.397986666666675
dev864475040536665,2022-05-20 07:01:44.960000+00:00,5.314398166666666,60.397986666666675
dev864475040536665,2022-05-20 07:02:05.550000+00:00,5.314398166666666,60.397986666666675
dev864475040536665,2022-05-20 07:02:26.150000+00:00,5.314398166666666,60.397986666666675
dev864475040536665,2022-05-20 07:02:47.060000+00:00,5.314398166666666,60.397986666666675
dev864475040536665,2022-05-20 07:03:07.660000+00:00,5.314398166666666,60.397986666666675
dev864475040536665,2022-05-20 07:03:28.250000+00:00,5.314398166666666,60.397986666666675
dev864475040536665,2022-05-20 07:03:48.600000+00:00,5.314398166666666,60.397986666666675
dev864475040536665,2022-05-20 07:04:09.200000+00:00,5.314398166666666,60.397986666666675
dev864475040536665,2022-05-20 07:04:29.790000+00:00,5.314398166666666,60.397986666666675
dev864475040536665,2022-05-20 07:04:50.250000+00:00,5.314398166666666,60.397986666666675
dev864475040536665,2022-05-20 07:05:10.850000+00:00,5.314398166666666,60.397986666666675
dev864475040536665,2022-05-20 07:05:31.440000+00:00,5.314398166666666,60.397986666666675
dev864475040536665,2022-05-20 07:05:52.340000+00:00,5.314398166666666,60.397986666666675
dev864475040536665,2022-05-20 07:06:12.940000+00:00,5.314398166666666,60.397986666666675
dev864475040536665,2022-05-20 07:06:33.530000+00:00,5.314398166666666,60.397986666666675
dev864475040536665,2022-05-20 07:06:53.540000+00:00,5.314398166666666,60.397986666666675
dev864475040536665,2022-05-20 07:07:14.140000+00:00,5.314398166666666,60.397986666666675
dev864475040536665,2022-05-20 07:07:34.730000+00:00,5.314398166666666,60.397986666666675
dev864475040536665,2022-05-20 07:07:55.320000+00:00,5.314398166666666,60.397986666666675
dev864475040536665,2022-05-20 07:08:16.730000+00:00,5.314398166666666,60.397986666666675
dev864475040536665,2022-05-20 07:08:37.330000+00:00,5.314398166666666,60.397986666666675
dev864475040536665,2022-05-20 07:08:57.920000+00:00,5.314398166666666,60.397986666666675
dev864475040536665,2022-05-20 07:09:18.140000+00:00,5.314398166666666,60.397986666666675
dev864475040536665,2022-05-20 07:09:38.740000+00:00,5.314398166666666,60.397986666666675
dev864475040536665,2022-05-20 07:09:59.330000+00:00,5.314398166666666,60.397986666666675
dev864475040536665,2022-05-20 07:10:19.850000+00:00,5.314398166666666,60.397986666666675
dev864475040536665,2022-05-20 07:10:40.440000+00:00,5.314398166666666,60.397986666666675
dev864475040536665,2022-05-20 07:11:01.040000+00:00,5.314398166666666,60.397986666666675
dev864475040536665,2022-05-20 07:11:21.430000+00:00,5.314398166666666,60.397986666666675
dev864475040536665,2022-05-20 07:11:42.020000+00:00,5.314398166666666,60.397986666666675
dev864475040536665,2022-05-20 07:12:02.620000+00:00,5.314398166666666,60.397986666666675
dev864475040536665,2022-05-20 07:12:23.880000+00:00,5.314398166666666,60.397986666666675
dev864475040536665,2022-05-20 07:12:44.470000+00:00,5.314398166666666,60.397986666666675
dev864475040536665,2022-05-20 07:13:05.070000+00:00,5.314398166666666,60.397986666666675
dev864475040536665,2022-05-20 07:13:25.660000+00:00,5.314398166666666,60.397986666666675
dev864475040536665,2022-05-20 07:13:46.260000+00:00,5.314398166666666,60.397986666666675
dev864475040536665,2022-05-20 07:14:06.850000+00:00,5.314398166666666,60.397986666666675
dev864475040536665,2022-05-20 07:14:27.450000+00:00,5.314398166666666,60.397986666666675
dev864475040536665,2022-05-20 07:14:48.040000+00:00,5.314398166666666,60.397986666666675
dev864475040536665,2022-05-20 07:15:08.370000+00:00,5.314398166666666,60.397986666666675
dev864475040536665,2022-05-20 07:15:28.960000+00:00,5.314398166666666,60.397986666666675
dev864475040536665,2022-05-20 07:15:49.560000+00:00,5.314398166666666,60.397986666666675
dev864475040536665,2022-05-20 07:16:09.820000+00:00,5.314398166666666,60.397986666666675
dev864475040536665,2022-05-20 07:16:30.410000+00:00,5.314398166666666,60.397986666666675
dev864475040536665,2022-05-20 07:16:51.010000+00:00,5.314398166666666,60.397986666666675
dev864475040536665,2022-05-20 07:17:12.240000+00:00,5.314398166666666,60.397986666666675
dev864475040536665,2022-05-20 07:17:32.840000+00:00,5.314398166666666,60.397986666666675
dev864475040536665,2022-05-20 07:17:53.430000+00:00,5.314398166666666,60.397986666666675
dev864475040536665,2022-05-20 07:18:13.770000+00:00,5.314398166666666,60.397986666666675
dev864475040536665,2022-05-20 07:18:34.370000+00:00,5.314398166666666,60.397986666666675
dev864475040536665,2022-05-20 07:18:54.960000+00:00,5.314398166666666,60.397986666666675
dev864475040536665,2022-05-20 07:19:15.270000+00:00,5.314398166666666,60.397986666666675
dev864475040536665,2022-05-20 07:19:35.860000+00:00,5.314398166666666,60.397986666666675
dev864475040536665,2022-05-20 07:19:56.460000+00:00,5.314398166666666,60.397986666666675
dev864475040536665,2022-05-20 07:20:17.050000+00:00,5.314398166666666,60.397986666666675
dev864475040536665,2022-05-20 07:20:38.150000+00:00,5.314398166666666,60.397986666666675
dev864475040536665,2022-05-20 07:20:58.750000+00:00,5.314398166666666,60.397986666666675
dev864475040536665,2022-05-20 07:21:19.340000+00:00,5.314398166666666,60.397986666666675
dev864475040536665,2022-05-20 07:21:39.380000+00:00,5.314398166666666,60.397986666666675
dev864475040536665,2022-05-20 07:21:59.980000+00:00,5.314398166666666,60.397986666666675
dev864475040536665,2022-05-20 07:22:20.570000+00:00,5.314398166666666,60.397986666666675
dev864475040536665,2022-05-20 07:22:41.730000+00:00,5.314398166666666,60.397986666666675
dev864475040536665,2022-05-20 07:23:02.330000+00:00,5.314398166666666,60.397986666666675
dev864475040536665,2022-05-20 07:23:22.920000+00:00,5.314398166666666,60.397986666666675
dev864475040536665,2022-05-20 07:23:43.240000+00:00,5.314398166666666,60.397986666666675
dev864475040536665,2022-05-20 07:24:03.840000+00:00,5.314398166666666,60.397986666666675
dev864475040536665,2022-05-20 07:24:24.430000+00:00,5.314398166666666,60.397986666666675
dev864475040536665,2022-05-20 07:24:45.220000+00:00,5.314398166666666,60.397986666666675
dev864475040536665,2022-05-20 07:25:05.820000+00:00,5.314398166666666,60.397986666666675
dev864475040536665,2022-05-20 07:25:26.410000+00:00,5.314398166666666,60.397986666666675
dev864475040536665,2022-05-20 07:25:46.220000+00:00,5.314398166666666,60.397986666666675
dev864475040536665,2022-05-20 07:26:06.820000+00:00,5.314398166666666,60.397986666666675
dev864475040536665,2022-05-20 07:26:27.410000+00:00,5.314398166666666,60.397986666666675
dev864475040536665,2022-05-20 07:26:48.650000+00:00,5.314398166666666,60.397986666666675
dev864475040536665,2022-05-20 07:27:09.240000+00:00,5.314398166666666,60.397986666666675
dev864475040536665,2022-05-20 07:27:29.840000+00:00,5.314398166666666,60.397986666666675
dev864475040536665,2022-05-20 07:27:50.200000+00:00,5.314398166666666,60.397986666666675
dev864475040536665,2022-05-20 07:28:10.790000+00:00,5.314398166666666,60.397986666666675
dev864475040536665,2022-05-20 07:28:31.390000+00:00,5.314398166666666,60.397986666666675
dev864475040536665,2022-05-20 07:28:52.210000+00:00,5.314398166666666,60.397986666666675
dev864475040536665,2022-05-20 07:29:12.800000+00:00,5.314398166666666,60.397986666666675
dev864475040536665,2022-05-20 07:29:33.400000+00:00,5.314398166666666,60.397986666666675
dev864475040536665,2022-05-20 07:29:53.990000+00:00,5.314398166666666,60.397986666666675
dev864475040536665,2022-05-20 07:30:14.800000+00:00,5.314398166666666,60.397986666666675
dev864475040536665,2022-05-20 07:30:35.390000+00:00,5.314398166666666,60.397986666666675
dev864475040536665,2022-05-20 07:30:55.990000+00:00,5.314398166666666,60.397986666666675
dev864475040536665,2022-05-20 07:31:16.650000+00:00,5.314398166666666,60.397986666666675
dev864475040536665,2022-05-20 07:31:37.240000+00:00,5.314398166666666,60.397986666666675
dev864475040536665,2022-05-20 07:31:57.830000+00:00,5.314398166666666,60.397986666666675
dev864475040536665,2022-05-20 07:32:17.750000+00:00,5.314398166666666,60.397986666666675
dev864475040536665,2022-05-20 07:32:38.340000+00:00,5.314398166666666,60.397986666666675
dev864475040536665,2022-05-20 07:32:58.930000+00:00,5.314398166666666,60.397986666666675
dev864475040536665,2022-05-20 07:33:19.620000+00:00,5.314398166666666,60.397986666666675
dev864475040536665,2022-05-20 07:33:40.220000+00:00,5.314398166666666,60.397986666666675
dev864475040536665,2022-05-20 07:34:00.810000+00:00,5.314398166666666,60.397986666666675
dev864475040536665,2022-05-20 07:34:21.480000+00:00,5.314398166666666,60.397986666666675
dev864475040536665,2022-05-20 07:34:42.080000+00:00,5.314398166666666,60.397986666666675
dev864475040536665,2022-05-20 07:35:02.670000+00:00,5.314398166666666,60.397986666666675
dev864475040536665,2022-05-20 07:35:23.270000+00:00,5.314398166666666,60.397986666666675
dev864475040536665,2022-05-20 07:35:43.870000+00:00,5.314398166666666,60.397986666666675
dev864475040536665,2022-05-20 07:36:04.460000+00:00,5.314398166666666,60.397986666666675
dev864475040536665,2022-05-20 07:36:25.060000+00:00,5.314398166666666,60.397986666666675
dev864475040536665,2022-05-20 07:36:45.650000+00:00,5.314398166666666,60.397986666666675
dev864475040536665,2022-05-20 07:37:06.250000+00:00,5.314398166666666,60.397986666666675
dev864475040536665,2022-05-20 07:37:26.840000+00:00,5.314398166666666,60.397986666666675
dev864475040536665,2022-05-20 07:37:47.440000+00:00,5.314398166666666,60.397986666666675
dev864475040536665,2022-05-20 07:38:08.040000+00:00,5.314398166666666,60.397986666666675
dev864475040536665,2022-05-20 07:38:28.630000+00:00,5.314398166666666,60.397986666666675
dev864475040536665,2022-05-20 07:38:49.120000+00:00,5.314398166666666,60.397986666666675
dev864475040536665,2022-05-20 07:39:09.720000+00:00,5.314398166666666,60.397986666666675
dev864475040536665,2022-05-20 07:39:30.320000+00:00,5.314398166666666,60.397986666666675
dev864475040536665,2022-05-20 07:39:50.920000+00:00,5.314398166666666,60.397986666666675
dev864475040536665,2022-05-20 07:40:11.520000+00:00,5.314398166666666,60.397986666666675
dev864475040536665,2022-05-20 07:40:32.110000+00:00,5.314398166666666,60.397986666666675
dev864475040536665,2022-05-20 07:40:52.590000+00:00,5.314398166666666,60.397986666666675
dev864475040536665,2022-05-20 07:41:13.190000+00:00,5.314398166666666,60.397986666666675
dev864475040536665,2022-05-20 07:41:33.790000+00:00,5.314398166666666,60.397986666666675
dev864475040536665,2022-05-20 07:41:55.030000+00:00,5.314398166666666,60.397986666666675
dev864475040536665,2022-05-20 07:42:15.620000+00:00,5.314398166666666,60.397986666666675
dev864475040536665,2022-05-20 07:42:36.220000+00:00,5.314398166666666,60.397986666666675
dev864475040536665,2022-05-20 07:42:56.290000+00:00,5.314398166666666,60.397986666666675
dev864475040536665,2022-05-20 07:43:16.890000+00:00,5.314398166666666,60.397986666666675
dev864475040536665,2022-05-20 07:43:37.480000+00:00,5.314398166666666,60.397986666666675
dev864475040536665,2022-05-20 07:43:58.080000+00:00,5.314398166666666,60.397986666666675
dev864475040536665,2022-05-20 07:44:18.970000+00:00,5.314398166666666,60.397986666666675
dev864475040536665,2022-05-20 07:44:39.570000+00:00,5.314398166666666,60.397986666666675
dev864475040536665,2022-05-20 07:45:00.160000+00:00,5.314398166666666,60.397986666666675
dev864475040536665,2022-05-20 07:45:20.280000+00:00,5.314398166666666,60.397986666666675
dev864475040536665,2022-05-20 07:45:40.880000+00:00,5.314398166666666,60.397986666666675
dev864475040536665,2022-05-20 07:46:01.480000+00:00,5.314398166666666,60.397986666666675
dev864475040536665,2022-05-20 07:46:22.500000+00:00,5.314398166666666,60.397986666666675
dev864475040536665,2022-05-20 07:46:43.090000+00:00,5.314398166666666,60.397986666666675
dev864475040536665,2022-05-20 07:47:03.690000+00:00,5.314398166666666,60.397986666666675
dev864475040536665,2022-05-20 07:47:23.790000+00:00,5.314398166666666,60.397986666666675
dev864475040536665,2022-05-20 07:47:44.390000+00:00,5.314398166666666,60.397986666666675
dev864475040536665,2022-05-20 07:48:04.990000+00:00,5.314398166666666,60.397986666666675
dev864475040536665,2022-05-20 07:48:26.480000+00:00,5.314398166666666,60.397986666666675
dev864475040536665,2022-05-20 07:48:47.080000+00:00,5.314398166666666,60.397986666666675
dev864475040536665,2022-05-20 07:49:07.670000+00:00,5.314398166666666,60.397986666666675
dev864475040536665,2022-05-20 07:49:28.140000+00:00,5.314398166666666,60.397986666666675
dev864475040536665,2022-05-20 07:49:48.740000+00:00,5.314398166666666,60.397986666666675
dev864475040536665,2022-05-20 07:50:09.340000+00:00,5.314398166666666,60.397986666666675
dev864475040536665,2022-05-20 07:50:29.140000+00:00,5.252981500000001,60.45141000000001
dev864475040536665,2022-05-20 07:50:49.740000+00:00,5.252981500000001,60.45141000000001
dev864475040536665,2022-05-20 07:51:10.330000+00:00,5.252981500000001,60.45141000000001
dev864475040536665,2022-05-20 07:51:31.650000+00:00,5.251695833333334,60.45031716666667
dev864475040536665,2022-05-20 07:51:52.250000+00:00,5.251695833333334,60.45031716666667
dev864475040536665,2022-05-20 07:52:12.850000+00:00,5.251695833333334,60.45031716666667
dev864475040536665,2022-05-20 07:52:33.500000+00:00,5.2506615,60.44922799999999
dev864475040536665,2022-05-20 07:52:54.100000+00:00,5.2506615,60.44922799999999
dev864475040536665,2022-05-20 07:53:14.690000+00:00,5.2506615,60.44922799999999
dev864475040536665,2022-05-20 07:53:35.200000+00:00,5.250378166666668,60.448930166666656
dev864475040536665,2022-05-20 07:53:55.790000+00:00,5.250378166666668,60.448930166666656
dev864475040536665,2022-05-20 07:54:16.390000+00:00,5.250378166666668,60.448930166666656
dev864475040536665,2022-05-20 07:54:36.990000+00:00,5.250378166666668,60.448930166666656
dev864475040536665,2022-05-20 07:54:57.360000+00:00,5.250378166666668,60.448930166666656
dev864475040536665,2022-05-20 07:55:17.960000+00:00,5.250378166666668,60.448930166666656
dev864475040536665,2022-05-20 07:55:38.560000+00:00,5.250378166666668,60.448930166666656
dev864475040536665,2022-05-20 07:55:59.600000+00:00,5.250378166666668,60.448930166666656
dev864475040536665,2022-05-20 07:56:20.200000+00:00,5.250378166666668,60.448930166666656
dev864475040536665,2022-05-20 07:56:40.800000+00:00,5.250378166666668,60.448930166666656
dev864475040536665,2022-05-20 07:57:00.920000+00:00,5.250378166666668,60.448930166666656
dev864475040536665,2022-05-20 07:57:21.520000+00:00,5.250378166666668,60.448930166666656
dev864475040536665,2022-05-20 07:57:42.120000+00:00,5.250378166666668,60.448930166666656
dev864475040536665,2022-05-20 07:58:03.120000+00:00,5.250378166666668,60.448930166666656
dev864475040536665,2022-05-20 07:58:23.720000+00:00,5.250378166666668,60.448930166666656
dev864475040536665,2022-05-20 07:58:44.320000+00:00,5.250378166666668,60.448930166666656
dev864475040536665,2022-05-20 07:59:04.920000+00:00,5.250378166666668,60.448930166666656
dev864475040536665,2022-05-20 07:59:25.520000+00:00,5.250378166666668,60.448930166666656
dev864475040536665,2022-05-20 07:59:46.120000+00:00,5.250378166666668,60.448930166666656
dev864475040536665,2022-05-20 08:00:06.720000+00:00,5.250378166666668,60.448930166666656
dev864475040536665,2022-05-20 08:00:27.330000+00:00,5.250378166666668,60.448930166666656
dev864475040536665,2022-05-20 08:00:47.930000+00:00,5.250378166666668,60.448930166666656
dev864475040536665,2022-05-20 08:01:08.530000+00:00,5.250378166666668,60.448930166666656
dev864475040536665,2022-05-20 08:01:29.130000+00:00,5.250378166666668,60.448930166666656
dev864475040536665,2022-05-20 08:01:49.730000+00:00,5.250378166666668,60.448930166666656
dev864475040536665,2022-05-20 08:02:10.330000+00:00,5.250378166666668,60.448930166666656
dev864475040536665,2022-05-20 08:02:30.930000+00:00,5.250378166666668,60.448930166666656
dev864475040536665,2022-05-20 08:02:51.540000+00:00,5.250378166666668,60.448930166666656
dev864475040536665,2022-05-20 08:03:12.140000+00:00,5.250378166666668,60.448930166666656
dev864475040536665,2022-05-20 08:03:32.740000+00:00,5.250378166666668,60.448930166666656
dev864475040536665,2022-05-20 08:03:53.340000+00:00,5.250378166666668,60.448930166666656
dev864475040536665,2022-05-20 08:04:13.420000+00:00,5.247542666666667,60.4459105
dev864475040536665,2022-05-20 08:04:34.020000+00:00,5.247542666666667,60.4459105
dev864475040536665,2022-05-20 08:04:54.630000+00:00,5.247542666666667,60.4459105
dev864475040536665,2022-05-20 08:05:15.230000+00:00,5.247542666666667,60.4459105
dev864475040536665,2022-05-20 08:05:36.100000+00:00,5.2475491666666665,60.44590816666667
dev864475040536665,2022-05-20 08:05:56.700000+00:00,5.2475491666666665,60.44590816666667
dev864475040536665,2022-05-20 08:06:17.300000+00:00,5.2475491666666665,60.44590816666667
dev864475040536665,2022-05-20 08:06:38.130000+00:00,5.247551333333333,60.445906833333325
dev864475040536665,2022-05-20 08:06:58.730000+00:00,5.247551333333333,60.445906833333325
dev864475040536665,2022-05-20 08:07:19.330000+00:00,5.247551333333333,60.445906833333325
dev864475040536665,2022-05-20 08:07:39.600000+00:00,5.247551333333333,60.445906833333325
dev864475040536665,2022-05-20 08:08:00.200000+00:00,5.247551333333333,60.445906833333325
dev864475040536665,2022-05-20 08:08:20.800000+00:00,5.247551333333333,60.445906833333325
dev864475040536665,2022-05-20 08:08:41.680000+00:00,5.247551333333333,60.445906833333325
dev864475040536665,2022-05-20 08:09:02.280000+00:00,5.247551333333333,60.445906833333325
dev864475040536665,2022-05-20 08:09:22.880000+00:00,5.247551333333333,60.445906833333325
dev864475040536665,2022-05-20 08:09:43.560000+00:00,5.247551333333333,60.445906833333325
dev864475040536665,2022-05-20 08:10:04.160000+00:00,5.247551333333333,60.445906833333325
dev864475040536665,2022-05-20 08:10:24.760000+00:00,5.247551333333333,60.445906833333325
dev864475040536665,2022-05-20 08:10:45.210000+00:00,5.247551333333333,60.445906833333325
dev864475040536665,2022-05-20 08:11:05.810000+00:00,5.247551333333333,60.445906833333325
dev864475040536665,2022-05-20 08:11:26.410000+00:00,5.247551333333333,60.445906833333325
dev864475040536665,2022-05-20 08:11:46.550000+00:00,5.247551333333333,60.445906833333325
dev864475040536665,2022-05-20 08:12:07.150000+00:00,5.247551333333333,60.445906833333325
dev864475040536665,2022-05-20 08:12:27.750000+00:00,5.247551333333333,60.445906833333325
dev864475040536665,2022-05-20 08:12:48.570000+00:00,5.247551333333333,60.445906833333325
dev864475040536665,2022-05-20 08:13:09.170000+00:00,5.247551333333333,60.445906833333325
dev864475040536665,2022-05-20 08:13:29.770000+00:00,5.247551333333333,60.445906833333325
dev864475040536665,2022-05-20 08:13:50.320000+00:00,5.247551333333333,60.445906833333325
dev864475040536665,2022-05-20 08:14:10.920000+00:00,5.247551333333333,60.445906833333325
dev864475040536665,2022-05-20 08:14:31.520000+00:00,5.247551333333333,60.445906833333325
dev864475040536665,2022-05-20 08:14:51.870000+00:00,5.247551333333333,60.445906833333325
dev864475040536665,2022-05-20 08:15:12.470000+00:00,5.247551333333333,60.445906833333325
dev864475040536665,2022-05-20 08:15:33.070000+00:00,5.247551333333333,60.445906833333325
dev864475040536665,2022-05-20 08:15:54.310000+00:00,5.247551333333333,60.445906833333325
dev864475040536665,2022-05-20 08:16:14.910000+00:00,5.247551333333333,60.445906833333325
dev864475040536665,2022-05-20 08:16:35.510000+00:00,5.247551333333333,60.445906833333325
dev864475040536665,2022-05-20 08:16:55.610000+00:00,5.247551333333333,60.445906833333325
dev864475040536665,2022-05-20 08:17:16.210000+00:00,5.247551333333333,60.445906833333325
dev864475040536665,2022-05-20 08:17:36.810000+00:00,5.247551333333333,60.445906833333325
dev864475040536665,2022-05-20 08:17:57.410000+00:00,5.247551333333333,60.445906833333325
dev864475040536665,2022-05-20 08:18:18.010000+00:00,5.247551333333333,60.445906833333325
dev864475040536665,2022-05-20 08:18:38.610000+00:00,5.247551333333333,60.445906833333325
dev864475040536665,2022-05-20 08:18:59.210000+00:00,5.247551333333333,60.445906833333325
dev864475040536665,2022-05-20 08:19:19.810000+00:00,5.247551333333333,60.445906833333325
dev864475040536665,2022-05-20 08:19:40.410000+00:00,5.247551333333333,60.445906833333325
dev864475040536665,2022-05-20 08:20:01.020000+00:00,5.247551333333333,60.445906833333325
dev864475040536665,2022-05-20 08:20:21.730000+00:00,5.247551333333333,60.445906833333325
dev864475040536665,2022-05-20 08:20:42.330000+00:00,5.247551333333333,60.445906833333325
dev864475040536665,2022-05-20 08:21:02.930000+00:00,5.247551333333333,60.445906833333325
dev864475040536665,2022-05-20 08:21:23.330000+00:00,5.247551333333333,60.445906833333325
dev864475040536665,2022-05-20 08:21:43.930000+00:00,5.247551333333333,60.445906833333325
dev864475040536665,2022-05-20 08:22:04.540000+00:00,5.247551333333333,60.445906833333325
dev864475040536665,2022-05-20 08:22:25.140000+00:00,5.247551333333333,60.445906833333325
dev864475040536665,2022-05-20 08:22:45.610000+00:00,5.247551333333333,60.445906833333325
dev864475040536665,2022-05-20 08:23:06.210000+00:00,5.247551333333333,60.445906833333325
dev864475040536665,2022-05-20 08:23:26.810000+00:00,5.247551333333333,60.445906833333325
dev864475040536665,2022-05-20 08:23:47.720000+00:00,5.247551333333333,60.445906833333325
dev864475040536665,2022-05-20 08:24:08.320000+00:00,5.247551333333333,60.445906833333325
dev864475040536665,2022-05-20 08:24:28.920000+00:00,5.247551333333333,60.445906833333325
dev864475040536665,2022-05-20 08:24:49.220000+00:00,5.247551333333333,60.445906833333325
dev864475040536665,2022-05-20 08:25:09.810000+00:00,5.247551333333333,60.445906833333325
dev864475040536665,2022-05-20 08:25:30.410000+00:00,5.247551333333333,60.445906833333325
dev864475040536665,2022-05-20 08:25:51.350000+00:00,5.247551333333333,60.445906833333325
dev864475040536665,2022-05-20 08:26:11.950000+00:00,5.247551333333333,60.445906833333325
dev864475040536665,2022-05-20 08:26:32.550000+00:00,5.247551333333333,60.445906833333325
dev864475040536665,2022-05-20 08:26:53.300000+00:00,5.247551333333333,60.445906833333325
dev864475040536665,2022-05-20 08:27:13.900000+00:00,5.247551333333333,60.445906833333325
dev864475040536665,2022-05-20 08:27:34.500000+00:00,5.247551333333333,60.445906833333325
dev864475040536665,2022-05-20 08:27:55.380000+00:00,5.247551333333333,60.445906833333325
dev864475040536665,2022-05-20 08:28:15.980000+00:00,5.247551333333333,60.445906833333325
dev864475040536665,2022-05-20 08:28:36.580000+00:00,5.247551333333333,60.445906833333325
dev864475040536665,2022-05-20 08:28:57.150000+00:00,5.247551333333333,60.445906833333325
dev864475040536665,2022-05-20 08:29:17.750000+00:00,5.247551333333333,60.445906833333325
dev864475040536665,2022-05-20 08:29:38.350000+00:00,5.247551333333333,60.445906833333325
dev864475040536665,2022-05-20 08:29:58.650000+00:00,5.247551333333333,60.445906833333325
dev864475040536665,2022-05-20 08:30:19.250000+00:00,5.247551333333333,60.445906833333325
dev864475040536665,2022-05-20 08:30:39.850000+00:00,5.247551333333333,60.445906833333325
dev864475040536665,2022-05-20 08:30:59.920000+00:00,5.247551333333333,60.445906833333325
dev864475040536665,2022-05-20 08:31:20.520000+00:00,5.247551333333333,60.445906833333325
dev864475040536665,2022-05-20 08:31:41.120000+00:00,5.247551333333333,60.445906833333325
dev864475040536665,2022-05-20 08:32:01.720000+00:00,5.247551333333333,60.445906833333325
dev864475040536665,2022-05-20 08:32:22.520000+00:00,5.247551333333333,60.445906833333325
dev864475040536665,2022-05-20 08:32:43.120000+00:00,5.247551333333333,60.445906833333325
dev864475040536665,2022-05-20 08:33:03.710000+00:00,5.247551333333333,60.445906833333325
dev864475040536665,2022-05-20 08:33:24.580000+00:00,5.247551333333333,60.445906833333325
dev864475040536665,2022-05-20 08:33:45.180000+00:00,5.247551333333333,60.445906833333325
dev864475040536665,2022-05-20 08:34:05.780000+00:00,5.247551333333333,60.445906833333325
dev864475040536665,2022-05-20 08:34:26.760000+00:00,5.247551333333333,60.445906833333325
dev864475040536665,2022-05-20 08:34:47.360000+00:00,5.247551333333333,60.445906833333325
dev864475040536665,2022-05-20 08:35:07.960000+00:00,5.247551333333333,60.445906833333325
dev864475040536665,2022-05-20 08:35:27.990000+00:00,5.247551333333333,60.445906833333325
dev864475040536665,2022-05-20 08:35:48.590000+00:00,5.247551333333333,60.445906833333325
dev864475040536665,2022-05-20 08:36:09.180000+00:00,5.247551333333333,60.445906833333325
dev864475040536665,2022-05-20 08:36:29.540000+00:00,5.247551333333333,60.445906833333325
dev864475040536665,2022-05-20 08:36:50.130000+00:00,5.247551333333333,60.445906833333325
dev864475040536665,2022-05-20 08:37:10.730000+00:00,5.247551333333333,60.445906833333325
dev864475040536665,2022-05-20 08:37:31.960000+00:00,5.247551333333333,60.445906833333325
dev864475040536665,2022-05-20 08:37:52.560000+00:00,5.247551333333333,60.445906833333325
dev864475040536665,2022-05-20 08:38:13.160000+00:00,5.247551333333333,60.445906833333325
dev864475040536665,2022-05-20 08:38:33.760000+00:00,5.247551333333333,60.445906833333325
dev864475040536665,2022-05-20 08:38:54.360000+00:00,5.247551333333333,60.445906833333325
dev864475040536665,2022-05-20 08:39:14.960000+00:00,5.247551333333333,60.445906833333325
dev864475040536665,2022-05-20 08:39:35.560000+00:00,5.247551333333333,60.445906833333325
dev864475040536665,2022-05-20 08:39:56.150000+00:00,5.247551333333333,60.445906833333325
dev864475040536665,2022-05-20 08:40:16.750000+00:00,5.247551333333333,60.445906833333325
dev864475040536665,2022-05-20 08:40:37.380000+00:00,5.247551333333333,60.445906833333325
dev864475040536665,2022-05-20 08:40:57.980000+00:00,5.247551333333333,60.445906833333325
dev864475040536665,2022-05-20 08:41:18.580000+00:00,5.247551333333333,60.445906833333325
dev864475040536665,2022-05-20 08:41:39.160000+00:00,5.247551333333333,60.445906833333325
dev864475040536665,2022-05-20 08:41:59.760000+00:00,5.247551333333333,60.445906833333325
dev864475040536665,2022-05-20 08:42:20.360000+00:00,5.247551333333333,60.445906833333325
dev864475040536665,2022-05-20 08:42:40.790000+00:00,5.247551333333333,60.445906833333325
dev864475040536665,2022-05-20 08:43:01.390000+00:00,5.247551333333333,60.445906833333325
dev864475040536665,2022-05-20 08:43:21.990000+00:00,5.247551333333333,60.445906833333325
dev864475040536665,2022-05-20 08:43:42.190000+00:00,5.247551333333333,60.445906833333325
dev864475040536665,2022-05-20 08:44:02.790000+00:00,5.247551333333333,60.445906833333325
dev864475040536665,2022-05-20 08:44:23.380000+00:00,5.247551333333333,60.445906833333325
dev864475040536665,2022-05-20 08:44:44.140000+00:00,5.245367166666667,60.445003
dev864475040536665,2022-05-20 08:45:04.740000+00:00,5.245367166666667,60.445003
dev864475040536665,2022-05-20 08:45:25.340000+00:00,5.245367166666667,60.445003
dev864475040536665,2022-05-20 08:45:45.760000+00:00,5.245007166666666,60.445040166666665
dev864475040536665,2022-05-20 08:46:06.360000+00:00,5.245007166666666,60.445040166666665
dev864475040536665,2022-05-20 08:46:26.960000+00:00,5.245007166666666,60.445040166666665
dev864475040536665,2022-05-20 08:46:47.560000+00:00,5.245007166666666,60.445040166666665
dev864475040536665,2022-05-20 08:47:08.830000+00:00,5.2445873333333335,60.44502516666667
dev864475040536665,2022-05-20 08:47:29.430000+00:00,5.2445873333333335,60.44502516666667
dev864475040536665,2022-05-20 08:47:50.020000+00:00,5.2445873333333335,60.44502516666667
dev864475040536665,2022-05-20 08:48:10.620000+00:00,5.244493666666667,60.445148166666655
dev864475040536665,2022-05-20 08:48:31.220000+00:00,5.244493666666667,60.445148166666655
dev864475040536665,2022-05-20 08:48:51.820000+00:00,5.244493666666667,60.445148166666655
dev864475040536665,2022-05-20 08:49:11.540000+00:00,5.244506333333334,60.44514833333333
dev864475040536665,2022-05-20 08:49:32.140000+00:00,5.244506333333334,60.44514833333333
dev864475040536665,2022-05-20 08:49:52.740000+00:00,5.244506333333334,60.44514833333333
dev864475040536665,2022-05-20 08:50:13.560000+00:00,5.244512833333332,60.44517883333333
dev864475040536665,2022-05-20 08:50:34.160000+00:00,5.244512833333332,60.44517883333333
dev864475040536665,2022-05-20 08:50:54.760000+00:00,5.244512833333332,60.44517883333333
dev864475040536665,2022-05-20 08:51:15.750000+00:00,5.244637000000001,60.445265666666664
dev864475040536665,2022-05-20 08:51:36.350000+00:00,5.244637000000001,60.445265666666664
dev864475040536665,2022-05-20 08:51:56.950000+00:00,5.244637000000001,60.445265666666664
dev864475040536665,2022-05-20 08:52:17.720000+00:00,5.244639499999999,60.445265333333325
dev864475040536665,2022-05-20 08:52:38.310000+00:00,5.244639499999999,60.445265333333325
dev864475040536665,2022-05-20 08:52:58.910000+00:00,5.244639499999999,60.445265333333325
dev864475040536665,2022-05-20 08:53:19.260000+00:00,5.244643,60.445264333333334
dev864475040536665,2022-05-20 08:53:39.850000+00:00,5.244643,60.445264333333334
dev864475040536665,2022-05-20 08:54:00.450000+00:00,5.244643,60.445264333333334
dev864475040536665,2022-05-20 08:54:21.310000+00:00,5.244643,60.445264333333334
dev864475040536665,2022-05-20 08:54:41.910000+00:00,5.244643,60.445264333333334
dev864475040536665,2022-05-20 08:55:02.510000+00:00,5.244643,60.445264333333334
dev864475040536665,2022-05-20 08:55:23.110000+00:00,5.244643,60.445264333333334
dev864475040536665,2022-05-20 08:55:43.410000+00:00,5.244643,60.445264333333334
dev864475040536665,2022-05-20 08:56:04.010000+00:00,5.244643,60.445264333333334
dev864475040536665,2022-05-20 08:56:24.610000+00:00,5.244643,60.445264333333334
dev864475040536665,2022-05-20 08:56:45.420000+00:00,5.244643,60.445264333333334
dev864475040536665,2022-05-20 08:57:06.020000+00:00,5.244643,60.445264333333334
dev864475040536665,2022-05-20 08:57:26.610000+00:00,5.244643,60.445264333333334
dev864475040536665,2022-05-20 08:57:47.390000+00:00,5.244643,60.445264333333334
dev864475040536665,2022-05-20 08:58:07.750000+00:00,5.244643,60.445264333333334
dev864475040536665,2022-05-20 08:58:28.320000+00:00,5.244643,60.445264333333334
dev864475040536665,2022-05-20 08:58:48.980000+00:00,5.244643,60.445264333333334
dev864475040536665,2022-05-20 08:59:09.570000+00:00,5.244643,60.445264333333334
dev864475040536665,2022-05-20 08:59:30.170000+00:00,5.244643,60.445264333333334
dev864475040536665,2022-05-20 08:59:50.690000+00:00,5.244643,60.445264333333334
dev864475040536665,2022-05-20 09:00:11.290000+00:00,5.244643,60.445264333333334
dev864475040536665,2022-05-20 09:00:31.890000+00:00,5.244643,60.445264333333334
dev864475040536665,2022-05-20 09:00:52.490000+00:00,5.244643,60.445264333333334
dev864475040536665,2022-05-20 09:01:13.090000+00:00,5.244643,60.445264333333334
dev864475040536665,2022-05-20 09:01:33.690000+00:00,5.244643,60.445264333333334
dev864475040536665,2022-05-20 09:01:54.280000+00:00,5.244643,60.445264333333334
dev864475040536665,2022-05-20 09:02:14.880000+00:00,5.244643,60.445264333333334
dev864475040536665,2022-05-20 09:02:35.480000+00:00,5.244643,60.445264333333334
dev864475040536665,2022-05-20 09:02:56.080000+00:00,5.244643,60.445264333333334
dev864475040536665,2022-05-20 09:03:16.240000+00:00,5.245317666666667,60.445072333333336
dev864475040536665,2022-05-20 09:03:36.840000+00:00,5.245317666666667,60.445072333333336
dev864475040536665,2022-05-20 09:03:57.440000+00:00,5.245317666666667,60.445072333333336
dev864475040536665,2022-05-20 09:04:18.230000+00:00,5.245472833333334,60.44504400000001
dev864475040536665,2022-05-20 09:04:38.830000+00:00,5.245472833333334,60.44504400000001
dev864475040536665,2022-05-20 09:04:59.430000+00:00,5.245472833333334,60.44504400000001
dev864475040536665,2022-05-20 09:05:20.120000+00:00,5.245696,60.44505883333332
dev864475040536665,2022-05-20 09:05:40.720000+00:00,5.245696,60.44505883333332
dev864475040536665,2022-05-20 09:06:01.320000+00:00,5.245696,60.44505883333332
dev864475040536665,2022-05-20 09:06:22.380000+00:00,5.2457173333333325,60.44519100000001
dev864475040536665,2022-05-20 09:06:42.980000+00:00,5.2457173333333325,60.44519100000001
dev864475040536665,2022-05-20 09:07:03.570000+00:00,5.2457173333333325,60.44519100000001
dev864475040536665,2022-05-20 09:07:23.390000+00:00,5.245438833333333,60.445314333333336
dev864475040536665,2022-05-20 09:07:43.990000+00:00,5.245438833333333,60.445314333333336
dev864475040536665,2022-05-20 09:08:04.590000+00:00,5.245438833333333,60.445314333333336
dev864475040536665,2022-05-20 09:08:25.190000+00:00,5.245438833333333,60.445314333333336
dev864475040536665,2022-05-20 09:08:45.640000+00:00,5.245508166666667,60.445305166666664
dev864475040536665,2022-05-20 09:09:06.240000+00:00,5.245508166666667,60.445305166666664
dev864475040536665,2022-05-20 09:09:26.830000+00:00,5.245508166666667,60.445305166666664
dev864475040536665,2022-05-20 09:09:47.890000+00:00,5.245579500000001,60.44520399999999
dev864475040536665,2022-05-20 09:10:08.490000+00:00,5.245579500000001,60.44520399999999
dev864475040536665,2022-05-20 09:10:29.080000+00:00,5.245579500000001,60.44520399999999
dev864475040536665,2022-05-20 09:10:49.700000+00:00,5.245579333333335,60.44520399999999
dev864475040536665,2022-05-20 09:11:10.300000+00:00,5.245579333333335,60.44520399999999
dev864475040536665,2022-05-20 09:11:30.900000+00:00,5.245579333333335,60.44520399999999
dev864475040536665,2022-05-20 09:11:51.790000+00:00,5.245578666666667,60.44520316666667
dev864475040536665,2022-05-20 09:12:12.390000+00:00,5.245578666666667,60.44520316666667
dev864475040536665,2022-05-20 09:12:32.990000+00:00,5.245578666666667,60.44520316666667
dev864475040536665,2022-05-20 09:12:53.560000+00:00,5.245645666666667,60.445203333333325
dev864475040536665,2022-05-20 09:13:14.160000+00:00,5.245645666666667,60.445203333333325
dev864475040536665,2022-05-20 09:13:34.750000+00:00,5.245645666666667,60.445203333333325
dev864475040536665,2022-05-20 09:13:54.600000+00:00,5.2457641666666674,60.445174333333334
dev864475040536665,2022-05-20 09:14:15.200000+00:00,5.2457641666666674,60.445174333333334
dev864475040536665,2022-05-20 09:14:35.800000+00:00,5.2457641666666674,60.445174333333334
dev864475040536665,2022-05-20 09:14:56.450000+00:00,5.245903666666667,60.44520383333334
dev864475040536665,2022-05-20 09:15:17.050000+00:00,5.245903666666667,60.44520383333334
dev864475040536665,2022-05-20 09:15:37.650000+00:00,5.245903666666667,60.44520383333334
dev864475040536665,2022-05-20 09:15:58.250000+00:00,5.245903666666667,60.44520383333334
dev864475040536665,2022-05-20 09:16:18.920000+00:00,5.246129833333334,60.445170000000005
dev864475040536665,2022-05-20 09:16:39.520000+00:00,5.246129833333334,60.445170000000005
dev864475040536665,2022-05-20 09:17:00.110000+00:00,5.246129833333334,60.445170000000005
dev864475040536665,2022-05-20 09:17:21.010000+00:00,5.246090333333332,60.4450845
dev864475040536665,2022-05-20 09:17:41.600000+00:00,5.246090333333332,60.4450845
dev864475040536665,2022-05-20 09:18:02.200000+00:00,5.246090333333332,60.4450845
dev864475040536665,2022-05-20 09:18:22.610000+00:00,5.246124833333332,60.44509
dev864475040536665,2022-05-20 09:18:43.210000+00:00,5.246124833333332,60.44509
dev864475040536665,2022-05-20 09:19:03.810000+00:00,5.246124833333332,60.44509
dev864475040536665,2022-05-20 09:19:24.920000+00:00,5.246124833333332,60.44508983333333
dev864475040536665,2022-05-20 09:19:45.520000+00:00,5.246124833333332,60.44508983333333
dev864475040536665,2022-05-20 09:20:06.120000+00:00,5.246124833333332,60.44508983333333
dev864475040536665,2022-05-20 09:20:26.030000+00:00,5.246124833333332,60.44508983333333
dev864475040536665,2022-05-20 09:20:46.630000+00:00,5.246124833333332,60.44508983333333
dev864475040536665,2022-05-20 09:21:07.220000+00:00,5.246124833333332,60.44508983333333
dev864475040536665,2022-05-20 09:21:28.100000+00:00,5.246124833333332,60.44508983333333
dev864475040536665,2022-05-20 09:21:48.700000+00:00,5.246124833333332,60.44508983333333
dev864475040536665,2022-05-20 09:22:09.300000+00:00,5.246124833333332,60.44508983333333
dev864475040536665,2022-05-20 09:22:29.900000+00:00,5.246124833333332,60.44508983333333
dev864475040536665,2022-05-20 09:22:50.500000+00:00,5.246124833333332,60.44508983333333
dev864475040536665,2022-05-20 09:23:11.100000+00:00,5.246124833333332,60.44508983333333
dev864475040536665,2022-05-20 09:23:31.700000+00:00,5.246124833333332,60.44508983333333
dev864475040536665,2022-05-20 09:23:52.300000+00:00,5.246124833333332,60.44508983333333
dev864475040536665,2022-05-20 09:24:12.900000+00:00,5.246124833333332,60.44508983333333
dev864475040536665,2022-05-20 09:24:33.110000+00:00,5.2463248333333325,60.445123833333334
dev864475040536665,2022-05-20 09:24:53.710000+00:00,5.2463248333333325,60.445123833333334
dev864475040536665,2022-05-20 09:25:14.310000+00:00,5.2463248333333325,60.445123833333334
dev864475040536665,2022-05-20 09:25:35.350000+00:00,5.246331833333333,60.44508983333333
dev864475040536665,2022-05-20 09:25:55.950000+00:00,5.246331833333333,60.44508983333333
dev864475040536665,2022-05-20 09:26:16.560000+00:00,5.246331833333333,60.44508983333333
dev864475040536665,2022-05-20 09:26:36.760000+00:00,5.246215333333334,60.44508833333333
dev864475040536665,2022-05-20 09:26:57.360000+00:00,5.246215333333334,60.44508833333333
dev864475040536665,2022-05-20 09:26:57.360000+00:00,5.246215333333334,60.44508833333333
dev864475040536665,2022-05-20 09:27:17.960000+00:00,5.246215333333334,60.44508833333333
dev864475040536665,2022-05-20 09:27:38.880000+00:00,5.246270166666666,60.44487883333332
dev864475040536665,2022-05-20 09:27:59.480000+00:00,5.246270166666666,60.44487883333332
dev864475040536665,2022-05-20 09:28:20.080000+00:00,5.246270166666666,60.44487883333332
dev864475040536665,2022-05-20 09:28:40.360000+00:00,5.246311,60.444847166666655
dev864475040536665,2022-05-20 09:29:00.960000+00:00,5.246311,60.444847166666655
dev864475040536665,2022-05-20 09:29:21.560000+00:00,5.246311,60.444847166666655
dev864475040536665,2022-05-20 09:29:42.170000+00:00,5.246311,60.444847166666655
dev864475040536665,2022-05-20 09:30:03.520000+00:00,5.2463225000000016,60.444871166666665
dev864475040536665,2022-05-20 09:30:24.120000+00:00,5.2463225000000016,60.444871166666665
dev864475040536665,2022-05-20 09:30:44.720000+00:00,5.2463225000000016,60.444871166666665
dev864475040536665,2022-05-20 09:31:05.440000+00:00,5.246324166666668,60.444870666666674
dev864475040536665,2022-05-20 09:31:26.050000+00:00,5.246324166666668,60.444870666666674
dev864475040536665,2022-05-20 09:31:46.650000+00:00,5.246324166666668,60.444870666666674
dev864475040536665,2022-05-20 09:32:06.940000+00:00,5.246324666666667,60.444870333333334
dev864475040536665,2022-05-20 09:32:27.540000+00:00,5.246324666666667,60.444870333333334
dev864475040536665,2022-05-20 09:32:48.140000+00:00,5.246324666666667,60.444870333333334
dev864475040536665,2022-05-20 09:33:09.080000+00:00,5.24633,60.44486283333334
dev864475040536665,2022-05-20 09:33:29.680000+00:00,5.24633,60.44486283333334
dev864475040536665,2022-05-20 09:33:50.280000+00:00,5.24633,60.44486283333334
dev864475040536665,2022-05-20 09:34:10.730000+00:00,5.246350499999999,60.444864333333335
dev864475040536665,2022-05-20 09:34:31.330000+00:00,5.246350499999999,60.444864333333335
dev864475040536665,2022-05-20 09:34:51.930000+00:00,5.246350499999999,60.444864333333335
dev864475040536665,2022-05-20 09:35:12.270000+00:00,5.246304833333332,60.44486416666666
dev864475040536665,2022-05-20 09:35:32.870000+00:00,5.246304833333332,60.44486416666666
dev864475040536665,2022-05-20 09:35:53.470000+00:00,5.246304833333332,60.44486416666666
dev864475040536665,2022-05-20 09:36:14.200000+00:00,5.246228833333333,60.44488333333334
dev864475040536665,2022-05-20 09:36:34.800000+00:00,5.246228833333333,60.44488333333334
dev864475040536665,2022-05-20 09:36:55.400000+00:00,5.246228833333333,60.44488333333334
dev864475040536665,2022-05-20 09:37:16.040000+00:00,5.246104833333334,60.44496266666667
dev864475040536665,2022-05-20 09:37:36.640000+00:00,5.246104833333334,60.44496266666667
dev864475040536665,2022-05-20 09:37:57.240000+00:00,5.246104833333334,60.44496266666667
dev864475040536665,2022-05-20 09:38:17.220000+00:00,5.2461115000000005,60.44498733333333
dev864475040536665,2022-05-20 09:38:37.820000+00:00,5.2461115000000005,60.44498733333333
dev864475040536665,2022-05-20 09:38:58.420000+00:00,5.2461115000000005,60.44498733333333
dev864475040536665,2022-05-20 09:39:19.030000+00:00,5.2461115000000005,60.44498733333333
dev864475040536665,2022-05-20 09:39:39.770000+00:00,5.246121833333333,60.44499016666666
dev864475040536665,2022-05-20 09:40:00.370000+00:00,5.246121833333333,60.44499016666666
dev864475040536665,2022-05-20 09:40:20.970000+00:00,5.246121833333333,60.44499016666666
dev864475040536665,2022-05-20 09:40:41.580000+00:00,5.246121833333333,60.44499016666666
dev864475040536665,2022-05-20 09:41:02.180000+00:00,5.246121833333333,60.44499016666666
dev864475040536665,2022-05-20 09:41:22.780000+00:00,5.246121833333333,60.44499016666666
dev864475040536665,2022-05-20 09:41:43.260000+00:00,5.246121833333333,60.44499016666666
dev864475040536665,2022-05-20 09:42:03.860000+00:00,5.246121833333333,60.44499016666666
dev864475040536665,2022-05-20 09:42:24.460000+00:00,5.246121833333333,60.44499016666666
dev864475040536665,2022-05-20 09:42:45.070000+00:00,5.246121833333333,60.44499016666666
dev864475040536665,2022-05-20 09:43:05.670000+00:00,5.246121833333333,60.44499016666666
dev864475040536665,2022-05-20 09:43:26.270000+00:00,5.246121833333333,60.44499016666666
dev864475040536665,2022-05-20 09:43:46.870000+00:00,5.246121833333333,60.44499016666666
dev864475040536665,2022-05-20 09:44:07.480000+00:00,5.246121833333333,60.44499016666666
dev864475040536665,2022-05-20 09:44:28.080000+00:00,5.246121833333333,60.44499016666666
dev864475040536665,2022-05-20 09:44:48.680000+00:00,5.246121833333333,60.44499016666666
dev864475040536665,2022-05-20 09:45:09.290000+00:00,5.246121833333333,60.44499016666666
dev864475040536665,2022-05-20 09:45:29.990000+00:00,5.246780833333334,60.445072333333336
dev864475040536665,2022-05-20 09:45:50.590000+00:00,5.246780833333334,60.445072333333336
dev864475040536665,2022-05-20 09:46:11.200000+00:00,5.246780833333334,60.445072333333336
dev864475040536665,2022-05-20 09:46:31.830000+00:00,5.246963666666667,60.44508633333333
dev864475040536665,2022-05-20 09:46:52.430000+00:00,5.246963666666667,60.44508633333333
dev864475040536665,2022-05-20 09:47:13.040000+00:00,5.246963666666667,60.44508633333333
dev864475040536665,2022-05-20 09:47:33.450000+00:00,5.246942166666666,60.445066
dev864475040536665,2022-05-20 09:47:54.060000+00:00,5.246942166666666,60.445066
dev864475040536665,2022-05-20 09:48:14.660000+00:00,5.246942166666666,60.445066
dev864475040536665,2022-05-20 09:48:35.260000+00:00,5.246942166666666,60.445066
dev864475040536665,2022-05-20 09:48:56.560000+00:00,5.246901666666668,60.44510600000001
dev864475040536665,2022-05-20 09:49:17.160000+00:00,5.246901666666668,60.44510600000001
dev864475040536665,2022-05-20 09:49:37.760000+00:00,5.246901666666668,60.44510600000001
dev864475040536665,2022-05-20 09:49:57.810000+00:00,5.246852833333332,60.44519783333333
dev864475040536665,2022-05-20 09:50:18.410000+00:00,5.246852833333332,60.44519783333333
dev864475040536665,2022-05-20 09:50:39.010000+00:00,5.246852833333332,60.44519783333333
dev864475040536665,2022-05-20 09:50:59.520000+00:00,5.247289666666667,60.444864499999994
dev864475040536665,2022-05-20 09:51:20.130000+00:00,5.247289666666667,60.444864499999994
dev864475040536665,2022-05-20 09:51:40.730000+00:00,5.247289666666667,60.444864499999994
dev864475040536665,2022-05-20 09:52:01.800000+00:00,5.248553000000001,60.443357166666665
dev864475040536665,2022-05-20 09:52:22.400000+00:00,5.248553000000001,60.443357166666665
dev864475040536665,2022-05-20 09:52:43+00:00,5.248553000000001,60.443357166666665
dev864475040536665,2022-05-20 09:53:03.890000+00:00,5.248525166666667,60.443317166666674
dev864475040536665,2022-05-20 09:53:24.490000+00:00,5.248525166666667,60.443317166666674
dev864475040536665,2022-05-20 09:53:45.090000+00:00,5.248525166666667,60.443317166666674
dev864475040536665,2022-05-20 09:54:05.690000+00:00,5.248525166666667,60.443317166666674
dev864475040536665,2022-05-20 09:54:26.170000+00:00,5.248535833333333,60.443298166666665
dev864475040536665,2022-05-20 09:54:46.770000+00:00,5.248535833333333,60.443298166666665
dev864475040536665,2022-05-20 09:55:07.370000+00:00,5.248535833333333,60.443298166666665
dev864475040536665,2022-05-20 09:55:27.290000+00:00,5.2485245,60.443310833333335
dev864475040536665,2022-05-20 09:55:47.880000+00:00,5.2485245,60.443310833333335
dev864475040536665,2022-05-20 09:56:08.480000+00:00,5.2485245,60.443310833333335
dev864475040536665,2022-05-20 09:56:29.290000+00:00,5.248499333333332,60.44334966666667
dev864475040536665,2022-05-20 09:56:49.880000+00:00,5.248499333333332,60.44334966666667
dev864475040536665,2022-05-20 09:57:10.480000+00:00,5.248499333333332,60.44334966666667
dev864475040536665,2022-05-20 09:57:31.330000+00:00,5.2485075,60.443396166666666
dev864475040536665,2022-05-20 09:57:51.930000+00:00,5.2485075,60.443396166666666
dev864475040536665,2022-05-20 09:58:12.530000+00:00,5.2485075,60.443396166666666
dev864475040536665,2022-05-20 09:58:33.050000+00:00,5.248511333333332,60.44347
dev864475040536665,2022-05-20 09:58:53.650000+00:00,5.248511333333332,60.44347
dev864475040536665,2022-05-20 09:59:14.250000+00:00,5.248511333333332,60.44347
dev864475040536665,2022-05-20 09:59:35.370000+00:00,5.248511833333333,60.443521
dev864475040536665,2022-05-20 09:59:55.970000+00:00,5.248511833333333,60.443521
dev864475040536665,2022-05-20 10:00:16.570000+00:00,5.248511833333333,60.443521
dev864475040536665,2022-05-20 10:00:37.150000+00:00,5.248538333333332,60.443526166666665
dev864475040536665,2022-05-20 10:00:57.750000+00:00,5.248538333333332,60.443526166666665
dev864475040536665,2022-05-20 10:01:18.350000+00:00,5.248538333333332,60.443526166666665
dev864475040536665,2022-05-20 10:01:38.800000+00:00,5.248538333333332,60.443526166666665
dev864475040536665,2022-05-20 10:01:59.390000+00:00,5.248538333333332,60.443526166666665
dev864475040536665,2022-05-20 10:02:19.990000+00:00,5.248538333333332,60.443526166666665
dev864475040536665,2022-05-20 10:02:40.590000+00:00,5.248538333333332,60.443526166666665
dev864475040536665,2022-05-20 10:03:00.910000+00:00,5.248538333333332,60.443526166666665
dev864475040536665,2022-05-20 10:03:21.510000+00:00,5.248538333333332,60.443526166666665
dev864475040536665,2022-05-20 10:03:42.110000+00:00,5.248538333333332,60.443526166666665
dev864475040536665,2022-05-20 10:04:02.710000+00:00,5.248538333333332,60.443526166666665
dev864475040536665,2022-05-20 10:04:23.300000+00:00,5.248538333333332,60.443526166666665
dev864475040536665,2022-05-20 10:04:43.900000+00:00,5.248538333333332,60.443526166666665
dev864475040536665,2022-05-20 10:05:04.500000+00:00,5.248538333333332,60.443526166666665
dev864475040536665,2022-05-20 10:05:25.100000+00:00,5.248538333333332,60.443526166666665
dev864475040536665,2022-05-20 10:05:45.700000+00:00,5.248538333333332,60.443526166666665
dev864475040536665,2022-05-20 10:06:06.300000+00:00,5.248538333333332,60.443526166666665
dev864475040536665,2022-05-20 10:06:26.900000+00:00,5.248538333333332,60.443526166666665
dev864475040536665,2022-05-20 10:06:47.480000+00:00,5.248511500000001,60.443677
dev864475040536665,2022-05-20 10:07:08.080000+00:00,5.248511500000001,60.443677
dev864475040536665,2022-05-20 10:07:28.670000+00:00,5.248511500000001,60.443677
dev864475040536665,2022-05-20 10:07:48.900000+00:00,5.248500833333333,60.443721833333335
dev864475040536665,2022-05-20 10:08:09.500000+00:00,5.248500833333333,60.443721833333335
dev864475040536665,2022-05-20 10:08:30.100000+00:00,5.248500833333333,60.443721833333335
dev864475040536665,2022-05-20 10:08:51.400000+00:00,5.2484765,60.44378183333333
dev864475040536665,2022-05-20 10:09:12+00:00,5.2484765,60.44378183333333
dev864475040536665,2022-05-20 10:09:32.600000+00:00,5.2484765,60.44378183333333
dev864475040536665,2022-05-20 10:09:52.460000+00:00,5.248463333333333,60.44382633333333
dev864475040536665,2022-05-20 10:10:13.050000+00:00,5.248463333333333,60.44382633333333
dev864475040536665,2022-05-20 10:10:33.650000+00:00,5.248463333333333,60.44382633333333
dev864475040536665,2022-05-20 10:10:54.250000+00:00,5.248463333333333,60.44382633333333
dev864475040536665,2022-05-20 10:11:15.140000+00:00,5.248429666666667,60.44388216666666
dev864475040536665,2022-05-20 10:11:35.730000+00:00,5.248429666666667,60.44388216666666
dev864475040536665,2022-05-20 10:11:56.330000+00:00,5.248429666666667,60.44388216666666
dev864475040536665,2022-05-20 10:12:17.040000+00:00,5.248427333333333,60.443918
dev864475040536665,2022-05-20 10:12:37.640000+00:00,5.248427333333333,60.443918
dev864475040536665,2022-05-20 10:12:58.230000+00:00,5.248427333333333,60.443918
dev864475040536665,2022-05-20 10:13:18.640000+00:00,5.248503,60.44394750000001
dev864475040536665,2022-05-20 10:13:39.240000+00:00,5.248503,60.44394750000001
dev864475040536665,2022-05-20 10:13:59.840000+00:00,5.248503,60.44394750000001
dev864475040536665,2022-05-20 10:14:20.810000+00:00,5.248512166666666,60.44399433333333
dev864475040536665,2022-05-20 10:14:41.400000+00:00,5.248512166666666,60.44399433333333
dev864475040536665,2022-05-20 10:15:02+00:00,5.248512166666666,60.44399433333333
dev864475040536665,2022-05-20 10:15:22.510000+00:00,5.248536166666666,60.444042
dev864475040536665,2022-05-20 10:15:43.100000+00:00,5.248536166666666,60.444042
dev864475040536665,2022-05-20 10:16:03.700000+00:00,5.248536166666666,60.444042
dev864475040536665,2022-05-20 10:16:24.130000+00:00,5.2486033333333335,60.444129833333335
dev864475040536665,2022-05-20 10:16:44.730000+00:00,5.2486033333333335,60.444129833333335
dev864475040536665,2022-05-20 10:17:05.320000+00:00,5.2486033333333335,60.444129833333335
dev864475040536665,2022-05-20 10:17:26.180000+00:00,5.248660166666667,60.4441845
dev864475040536665,2022-05-20 10:17:46.780000+00:00,5.248660166666667,60.4441845
dev864475040536665,2022-05-20 10:18:07.370000+00:00,5.248660166666667,60.4441845
dev864475040536665,2022-05-20 10:18:27.260000+00:00,5.248721000000001,60.444241833333336
dev864475040536665,2022-05-20 10:18:47.860000+00:00,5.248721000000001,60.444241833333336
dev864475040536665,2022-05-20 10:19:08.450000+00:00,5.248721000000001,60.444241833333336
dev864475040536665,2022-05-20 10:19:29.120000+00:00,5.248782833333333,60.44429
dev864475040536665,2022-05-20 10:19:49.720000+00:00,5.248782833333333,60.44429
dev864475040536665,2022-05-20 10:20:10.310000+00:00,5.248782833333333,60.44429
dev864475040536665,2022-05-20 10:20:30.910000+00:00,5.248782833333333,60.44429
dev864475040536665,2022-05-20 10:20:52.260000+00:00,5.248787000000002,60.44434533333333
dev864475040536665,2022-05-20 10:21:12.850000+00:00,5.248787000000002,60.44434533333333
dev864475040536665,2022-05-20 10:21:33.450000+00:00,5.248787000000002,60.44434533333333
dev864475040536665,2022-05-20 10:21:53.320000+00:00,5.248821166666667,60.444395500000006
dev864475040536665,2022-05-20 10:22:13.910000+00:00,5.248821166666667,60.444395500000006
dev864475040536665,2022-05-20 10:22:34.510000+00:00,5.248821166666667,60.444395500000006
dev864475040536665,2022-05-20 10:22:55.570000+00:00,5.2488098333333335,60.44440633333333
dev864475040536665,2022-05-20 10:23:16.160000+00:00,5.2488098333333335,60.44440633333333
dev864475040536665,2022-05-20 10:23:36.760000+00:00,5.2488098333333335,60.44440633333333
dev864475040536665,2022-05-20 10:23:57.690000+00:00,5.2488098333333335,60.44440633333333
dev864475040536665,2022-05-20 10:24:18.290000+00:00,5.2488098333333335,60.44440633333333
dev864475040536665,2022-05-20 10:24:38.880000+00:00,5.2488098333333335,60.44440633333333
dev864475040536665,2022-05-20 10:24:58.680000+00:00,5.2488098333333335,60.44440633333333
dev864475040536665,2022-05-20 10:25:19.280000+00:00,5.2488098333333335,60.44440633333333
dev864475040536665,2022-05-20 10:25:39.870000+00:00,5.2488098333333335,60.44440633333333
dev864475040536665,2022-05-20 10:26:00.470000+00:00,5.2488098333333335,60.44440633333333
dev864475040536665,2022-05-20 10:26:21.070000+00:00,5.2488098333333335,60.44440633333333
dev864475040536665,2022-05-20 10:26:41.660000+00:00,5.2488098333333335,60.44440633333333
dev864475040536665,2022-05-20 10:27:02.260000+00:00,5.2488098333333335,60.44440633333333
dev864475040536665,2022-05-20 10:27:22.860000+00:00,5.2488098333333335,60.44440633333333
dev864475040536665,2022-05-20 10:27:43.450000+00:00,5.2488098333333335,60.44440633333333
dev864475040536665,2022-05-20 10:28:04.050000+00:00,5.2488098333333335,60.44440633333333
dev864475040536665,2022-05-20 10:28:24.650000+00:00,5.2488098333333335,60.44440633333333
dev864475040536665,2022-05-20 10:28:45.240000+00:00,5.2488098333333335,60.44440633333333
dev864475040536665,2022-05-20 10:29:05.840000+00:00,5.248970333333332,60.444769166666674
dev864475040536665,2022-05-20 10:29:26.440000+00:00,5.248970333333332,60.444769166666674
dev864475040536665,2022-05-20 10:29:47.030000+00:00,5.248970333333332,60.444769166666674
dev864475040536665,2022-05-20 10:30:07.720000+00:00,5.249006166666668,60.444813666666676
dev864475040536665,2022-05-20 10:30:28.320000+00:00,5.249006166666668,60.444813666666676
dev864475040536665,2022-05-20 10:30:48.920000+00:00,5.249006166666668,60.444813666666676
dev864475040536665,2022-05-20 10:31:09.510000+00:00,5.249006166666668,60.444813666666676
dev864475040536665,2022-05-20 10:31:30.220000+00:00,5.249065999999999,60.44486100000001
dev864475040536665,2022-05-20 10:31:50.820000+00:00,5.249065999999999,60.44486100000001
dev864475040536665,2022-05-20 10:32:11.410000+00:00,5.249065999999999,60.44486100000001
dev864475040536665,2022-05-20 10:32:31.750000+00:00,5.249085666666668,60.444893166666674
dev864475040536665,2022-05-20 10:32:52.350000+00:00,5.249085666666668,60.444893166666674
dev864475040536665,2022-05-20 10:33:12.940000+00:00,5.249085666666668,60.444893166666674
dev864475040536665,2022-05-20 10:33:33.760000+00:00,5.2491129999999995,60.44493649999999
dev864475040536665,2022-05-20 10:33:54.360000+00:00,5.2491129999999995,60.44493649999999
dev864475040536665,2022-05-20 10:34:14.950000+00:00,5.2491129999999995,60.44493649999999
dev864475040536665,2022-05-20 10:34:36.120000+00:00,5.249133499999999,60.444981000000006
dev864475040536665,2022-05-20 10:34:56.720000+00:00,5.249133499999999,60.444981000000006
dev864475040536665,2022-05-20 10:35:17.310000+00:00,5.249133499999999,60.444981000000006
dev864475040536665,2022-05-20 10:35:37.240000+00:00,5.2491330000000005,60.44505983333334
dev864475040536665,2022-05-20 10:35:57.830000+00:00,5.2491330000000005,60.44505983333334
dev864475040536665,2022-05-20 10:36:18.430000+00:00,5.2491330000000005,60.44505983333334
dev864475040536665,2022-05-20 10:36:39.050000+00:00,5.249100666666667,60.44510700000001
dev864475040536665,2022-05-20 10:36:59.640000+00:00,5.249100666666667,60.44510700000001
dev864475040536665,2022-05-20 10:37:20.240000+00:00,5.249100666666667,60.44510700000001
dev864475040536665,2022-05-20 10:37:40.710000+00:00,5.249135333333333,60.4451335
dev864475040536665,2022-05-20 10:38:01.300000+00:00,5.249135333333333,60.4451335
dev864475040536665,2022-05-20 10:38:21.900000+00:00,5.249135333333333,60.4451335
dev864475040536665,2022-05-20 10:38:43.010000+00:00,5.249152666666667,60.445166500000006
dev864475040536665,2022-05-20 10:39:03.610000+00:00,5.249152666666667,60.445166500000006
dev864475040536665,2022-05-20 10:39:24.200000+00:00,5.249152666666667,60.445166500000006
dev864475040536665,2022-05-20 10:39:45.060000+00:00,5.249187833333334,60.44521683333334
dev864475040536665,2022-05-20 10:40:05.660000+00:00,5.249187833333334,60.44521683333334
dev864475040536665,2022-05-20 10:40:26.250000+00:00,5.249187833333334,60.44521683333334
dev864475040536665,2022-05-20 10:40:46.590000+00:00,5.249239833333333,60.44526616666667
dev864475040536665,2022-05-20 10:41:07.180000+00:00,5.249239833333333,60.44526616666667
dev864475040536665,2022-05-20 10:41:27.780000+00:00,5.249239833333333,60.44526616666667
dev864475040536665,2022-05-20 10:41:48.370000+00:00,5.249239833333333,60.44526616666667
dev864475040536665,2022-05-20 10:42:08.680000+00:00,5.249285166666666,60.44530733333332
dev864475040536665,2022-05-20 10:42:29.270000+00:00,5.249285166666666,60.44530733333332
dev864475040536665,2022-05-20 10:42:49.870000+00:00,5.249285166666666,60.44530733333332
dev864475040536665,2022-05-20 10:43:10.470000+00:00,5.24932,60.445385666666674
dev864475040536665,2022-05-20 10:43:31.060000+00:00,5.24932,60.445385666666674
dev864475040536665,2022-05-20 10:43:51.660000+00:00,5.24932,60.445385666666674
dev864475040536665,2022-05-20 10:44:12.780000+00:00,5.249322666666666,60.4453925
dev864475040536665,2022-05-20 10:44:33.370000+00:00,5.249322666666666,60.4453925
dev864475040536665,2022-05-20 10:44:53.960000+00:00,5.249322666666666,60.4453925
dev864475040536665,2022-05-20 10:45:13.950000+00:00,5.249322666666666,60.4453925
dev864475040536665,2022-05-20 10:45:34.550000+00:00,5.249322666666666,60.4453925
dev864475040536665,2022-05-20 10:45:55.140000+00:00,5.249322666666666,60.4453925
dev864475040536665,2022-05-20 10:46:16.010000+00:00,5.249322666666666,60.4453925
dev864475040536665,2022-05-20 10:46:36.610000+00:00,5.249322666666666,60.4453925
dev864475040536665,2022-05-20 10:46:57.200000+00:00,5.249322666666666,60.4453925
dev864475040536665,2022-05-20 10:47:17.800000+00:00,5.249322666666666,60.4453925
dev864475040536665,2022-05-20 10:47:38.390000+00:00,5.249322666666666,60.4453925
dev864475040536665,2022-05-20 10:47:58.990000+00:00,5.249322666666666,60.4453925
dev864475040536665,2022-05-20 10:48:19.590000+00:00,5.249322666666666,60.4453925
dev864475040536665,2022-05-20 10:48:40.180000+00:00,5.249322666666666,60.4453925
dev864475040536665,2022-05-20 10:49:00.780000+00:00,5.249322666666666,60.4453925
dev864475040536665,2022-05-20 10:49:21.370000+00:00,5.249322666666666,60.4453925
dev864475040536665,2022-05-20 10:49:41.880000+00:00,5.249447833333334,60.44569433333333
dev864475040536665,2022-05-20 10:50:02.480000+00:00,5.249447833333334,60.44569433333333
dev864475040536665,2022-05-20 10:50:23.070000+00:00,5.249447833333334,60.44569433333333
dev864475040536665,2022-05-20 10:50:43.730000+00:00,5.249506333333333,60.445708333333336
dev864475040536665,2022-05-20 10:51:04.320000+00:00,5.249506333333333,60.445708333333336
dev864475040536665,2022-05-20 10:51:24.920000+00:00,5.249506333333333,60.445708333333336
dev864475040536665,2022-05-20 10:51:45.060000+00:00,5.249444333333334,60.44571033333333
dev864475040536665,2022-05-20 10:52:05.650000+00:00,5.249444333333334,60.44571033333333
dev864475040536665,2022-05-20 10:52:26.250000+00:00,5.249444333333334,60.44571033333333
dev864475040536665,2022-05-20 10:52:47.420000+00:00,5.2495073333333355,60.44577316666666
dev864475040536665,2022-05-20 10:53:08.010000+00:00,5.2495073333333355,60.44577316666666
dev864475040536665,2022-05-20 10:53:28.610000+00:00,5.2495073333333355,60.44577316666666
dev864475040536665,2022-05-20 10:53:49.200000+00:00,5.249487666666666,60.44579266666666
dev864475040536665,2022-05-20 10:54:09.800000+00:00,5.249487666666666,60.44579266666666
dev864475040536665,2022-05-20 10:54:30.390000+00:00,5.249487666666666,60.44579266666666
dev864475040536665,2022-05-20 10:54:51.010000+00:00,5.249556666666666,60.44583366666668
dev864475040536665,2022-05-20 10:55:11.610000+00:00,5.249556666666666,60.44583366666668
dev864475040536665,2022-05-20 10:55:32.200000+00:00,5.249556666666666,60.44583366666668
dev864475040536665,2022-05-20 10:55:52.800000+00:00,5.249556666666666,60.44583366666668
dev864475040536665,2022-05-20 10:56:12.810000+00:00,5.249669,60.445873166666665
dev864475040536665,2022-05-20 10:56:33.400000+00:00,5.249669,60.445873166666665
dev864475040536665,2022-05-20 10:56:53.990000+00:00,5.249669,60.445873166666665
dev864475040536665,2022-05-20 10:57:15.370000+00:00,5.249735666666666,60.445891
dev864475040536665,2022-05-20 10:57:35.970000+00:00,5.249735666666666,60.445891
dev864475040536665,2022-05-20 10:57:56.560000+00:00,5.249735666666666,60.445891
dev864475040536665,2022-05-20 10:58:17.260000+00:00,5.249774666666667,60.44593199999999
dev864475040536665,2022-05-20 10:58:37.850000+00:00,5.249774666666667,60.44593199999999
dev864475040536665,2022-05-20 10:58:58.450000+00:00,5.249774666666667,60.44593199999999
dev864475040536665,2022-05-20 10:59:18.650000+00:00,5.2498561666666665,60.4459455
dev864475040536665,2022-05-20 10:59:39.250000+00:00,5.2498561666666665,60.4459455
dev864475040536665,2022-05-20 10:59:59.840000+00:00,5.2498561666666665,60.4459455
dev864475040536665,2022-05-20 11:00:20.730000+00:00,5.249892999999999,60.446
dev864475040536665,2022-05-20 11:00:41.320000+00:00,5.249892999999999,60.446
dev864475040536665,2022-05-20 11:01:01.920000+00:00,5.249892999999999,60.446
dev864475040536665,2022-05-20 11:01:22.570000+00:00,5.249916166666666,60.446021166666675
dev864475040536665,2022-05-20 11:01:43.170000+00:00,5.249916166666666,60.446021166666675
dev864475040536665,2022-05-20 11:02:03.760000+00:00,5.249916166666666,60.446021166666675
dev864475040536665,2022-05-20 11:02:23.420000+00:00,5.249901666666666,60.446052333333334
dev864475040536665,2022-05-20 11:02:44.010000+00:00,5.249901666666666,60.446052333333334
dev864475040536665,2022-05-20 11:03:04.610000+00:00,5.249901666666666,60.446052333333334
dev864475040536665,2022-05-20 11:03:25.520000+00:00,5.249947,60.44612966666667
dev864475040536665,2022-05-20 11:03:46.120000+00:00,5.249947,60.44612966666667

